name,phone_number,email
"Fitri Handayani 1","628134305243","fitri.handayani.1@test.com"
"Budi Santoso 2","628185902104","budi.santoso.2@test.com"
"Hani Permata 3","628109215603","hani.permata.3@test.com"
"Rini Soemarno 4","628114821831","rini.soemarno.4@test.com"
"Sari Nila 5","628131662804","sari.nila.5@test.com"
"Dewi Sartika 6","628132434700","dewi.sartika.6@test.com"
"Lukman Hakim 7","628139175486","lukman.hakim.7@test.com"
"Joko Widodo 8","628198238290","joko.widodo.8@test.com"
"Qori Sandioriva 9","628106209677","qori.sandioriva.9@test.com"
"Dewi Sartika 10","628157233611","dewi.sartika.10@test.com"
"Ahmad Wijaya 11","628106470354","ahmad.wijaya.11@test.com"
"Nanda Pratama 12","628189696072","nanda.pratama.12@test.com"
"Ahmad Wijaya 13","628117848710","ahmad.wijaya.13@test.com"
"Oki Setiana 14","628191662010","oki.setiana.14@test.com"
"Indra Kusuma 15","628199009938","indra.kusuma.15@test.com"
"Gunawan Susanto 16","628115733523","gunawan.susanto.16@test.com"
"Gunawan Susanto 17","628186712582","gunawan.susanto.17@test.com"
"Dewi Sartika 18","628128719803","dewi.sartika.18@test.com"
"Maya Sari 19","628137402143","maya.sari.19@test.com"
"Budi Santoso 20","628148119122","budi.santoso.20@test.com"
"Nanda Pratama 21","628197078998","nanda.pratama.21@test.com"
"Kartika Sari 22","628136500549","kartika.sari.22@test.com"
"Budi Santoso 23","628172038548","budi.santoso.23@test.com"
"Indra Kusuma 24","628170587327","indra.kusuma.24@test.com"
"Gunawan Susanto 25","628188053967","gunawan.susanto.25@test.com"
"Joko Widodo 26","628169527615","joko.widodo.26@test.com"
"Nanda Pratama 27","628101760456","nanda.pratama.27@test.com"
"Oki Setiana 28","628143765339","oki.setiana.28@test.com"
"Putri Maharani 29","628181429875","putri.maharani.29@test.com"
"Kartika Sari 30","628125807182","kartika.sari.30@test.com"
"Maya Sari 31","628167962687","maya.sari.31@test.com"
"Gunawan Susanto 32","628114970686","gunawan.susanto.32@test.com"
"Gunawan Susanto 33","628167703553","gunawan.susanto.33@test.com"
"Qori Sandioriva 34","628162247663","qori.sandioriva.34@test.com"
"Maya Sari 35","628137338472","maya.sari.35@test.com"
"Nanda Pratama 36","628191444993","nanda.pratama.36@test.com"
"Putri Maharani 37","628147818769","putri.maharani.37@test.com"
"Eko Prasetyo 38","628146809301","eko.prasetyo.38@test.com"
"Ahmad Wijaya 39","628138634170","ahmad.wijaya.39@test.com"
"Siti Nurhaliza 40","628164677485","siti.nurhaliza.40@test.com"
"Ahmad Wijaya 41","628123838169","ahmad.wijaya.41@test.com"
"Maya Sari 42","628160925479","maya.sari.42@test.com"
"Kartika Sari 43","628185426364","kartika.sari.43@test.com"
"Rini Soemarno 44","628180172057","rini.soemarno.44@test.com"
"Nanda Pratama 45","628121286345","nanda.pratama.45@test.com"
"Lukman Hakim 46","628172727932","lukman.hakim.46@test.com"
"Eko Prasetyo 47","628147253278","eko.prasetyo.47@test.com"
"Hani Permata 48","628123552340","hani.permata.48@test.com"
"Sari Nila 49","628103656152","sari.nila.49@test.com"
"Lukman Hakim 50","628116153571","lukman.hakim.50@test.com"
"Budi Santoso 51","628149642869","budi.santoso.51@test.com"
"Putri Maharani 52","628166145717","putri.maharani.52@test.com"
"Oki Setiana 53","628173338327","oki.setiana.53@test.com"
"Dewi Sartika 54","628166472991","dewi.sartika.54@test.com"
"Putri Maharani 55","628142290615","putri.maharani.55@test.com"
"Hani Permata 56","628133945142","hani.permata.56@test.com"
"Joko Widodo 57","628126012867","joko.widodo.57@test.com"
"Eko Prasetyo 58","628126738851","eko.prasetyo.58@test.com"
"Gunawan Susanto 59","628175684424","gunawan.susanto.59@test.com"
"Budi Santoso 60","628142486941","budi.santoso.60@test.com"
"Indra Kusuma 61","628139192176","indra.kusuma.61@test.com"
"Eko Prasetyo 62","628104821110","eko.prasetyo.62@test.com"
"Qori Sandioriva 63","628196268281","qori.sandioriva.63@test.com"
"Budi Santoso 64","628107883300","budi.santoso.64@test.com"
"Maya Sari 65","628110210733","maya.sari.65@test.com"
"Budi Santoso 66","628126231539","budi.santoso.66@test.com"
"Sari Nila 67","628160600885","sari.nila.67@test.com"
"Rini Soemarno 68","628189012176","rini.soemarno.68@test.com"
"Hani Permata 69","628153296514","hani.permata.69@test.com"
"Dewi Sartika 70","628154923741","dewi.sartika.70@test.com"
"Ahmad Wijaya 71","628168735218","ahmad.wijaya.71@test.com"
"Tono Suratman 72","628130742763","tono.suratman.72@test.com"
"Maya Sari 73","628177050798","maya.sari.73@test.com"
"Eko Prasetyo 74","628134791553","eko.prasetyo.74@test.com"
"Tono Suratman 75","628179989428","tono.suratman.75@test.com"
"Maya Sari 76","628118931865","maya.sari.76@test.com"
"Rini Soemarno 77","628149319062","rini.soemarno.77@test.com"
"Indra Kusuma 78","628140229451","indra.kusuma.78@test.com"
"Rini Soemarno 79","628155681330","rini.soemarno.79@test.com"
"Tono Suratman 80","628158382308","tono.suratman.80@test.com"
"Indra Kusuma 81","628180869766","indra.kusuma.81@test.com"
"Siti Nurhaliza 82","628102705045","siti.nurhaliza.82@test.com"
"Lukman Hakim 83","628141935996","lukman.hakim.83@test.com"
"Maya Sari 84","628186507763","maya.sari.84@test.com"
"Gunawan Susanto 85","628188866539","gunawan.susanto.85@test.com"
"Siti Nurhaliza 86","628113722581","siti.nurhaliza.86@test.com"
"Sari Nila 87","628166157610","sari.nila.87@test.com"
"Nanda Pratama 88","628117111926","nanda.pratama.88@test.com"
"Budi Santoso 89","628174893167","budi.santoso.89@test.com"
"Kartika Sari 90","628180882684","kartika.sari.90@test.com"
"Budi Santoso 91","628188484771","budi.santoso.91@test.com"
"Rini Soemarno 92","628103381464","rini.soemarno.92@test.com"
"Nanda Pratama 93","628148342425","nanda.pratama.93@test.com"
"Budi Santoso 94","628199472060","budi.santoso.94@test.com"
"Gunawan Susanto 95","628173241524","gunawan.susanto.95@test.com"
"Maya Sari 96","628170009975","maya.sari.96@test.com"
"Joko Widodo 97","628146564909","joko.widodo.97@test.com"
"Sari Nila 98","628110101319","sari.nila.98@test.com"
"Eko Prasetyo 99","628197130406","eko.prasetyo.99@test.com"
"Fitri Handayani 100","628120709919","fitri.handayani.100@test.com"
"Putri Maharani 101","628168678329","putri.maharani.101@test.com"
"Kartika Sari 102","628147611273","kartika.sari.102@test.com"
"Tono Suratman 103","628105606352","tono.suratman.103@test.com"
"Ahmad Wijaya 104","628138359208","ahmad.wijaya.104@test.com"
"Qori Sandioriva 105","628151082133","qori.sandioriva.105@test.com"
"Nanda Pratama 106","628172789548","nanda.pratama.106@test.com"
"Oki Setiana 107","628139691059","oki.setiana.107@test.com"
"Indra Kusuma 108","628100589463","indra.kusuma.108@test.com"
"Indra Kusuma 109","628165972933","indra.kusuma.109@test.com"
"Indra Kusuma 110","628171252792","indra.kusuma.110@test.com"
"Rini Soemarno 111","628114687776","rini.soemarno.111@test.com"
"Nanda Pratama 112","628122264361","nanda.pratama.112@test.com"
"Putri Maharani 113","628185638061","putri.maharani.113@test.com"
"Dewi Sartika 114","628156615954","dewi.sartika.114@test.com"
"Rini Soemarno 115","628131119215","rini.soemarno.115@test.com"
"Oki Setiana 116","628155091907","oki.setiana.116@test.com"
"Indra Kusuma 117","628138782588","indra.kusuma.117@test.com"
"Budi Santoso 118","628112922861","budi.santoso.118@test.com"
"Nanda Pratama 119","628117614329","nanda.pratama.119@test.com"
"Oki Setiana 120","628189039879","oki.setiana.120@test.com"
"Gunawan Susanto 121","628114950924","gunawan.susanto.121@test.com"
"Putri Maharani 122","628132532109","putri.maharani.122@test.com"
"Kartika Sari 123","628113523539","kartika.sari.123@test.com"
"Lukman Hakim 124","628102501769","lukman.hakim.124@test.com"
"Kartika Sari 125","628167705037","kartika.sari.125@test.com"
"Dewi Sartika 126","628156126852","dewi.sartika.126@test.com"
"Eko Prasetyo 127","628156014492","eko.prasetyo.127@test.com"
"Gunawan Susanto 128","628119954211","gunawan.susanto.128@test.com"
"Oki Setiana 129","628148576927","oki.setiana.129@test.com"
"Eko Prasetyo 130","628175326788","eko.prasetyo.130@test.com"
"Putri Maharani 131","628158663539","putri.maharani.131@test.com"
"Qori Sandioriva 132","628186944717","qori.sandioriva.132@test.com"
"Lukman Hakim 133","628160358232","lukman.hakim.133@test.com"
"Eko Prasetyo 134","628136803154","eko.prasetyo.134@test.com"
"Kartika Sari 135","628108147101","kartika.sari.135@test.com"
"Tono Suratman 136","628156042481","tono.suratman.136@test.com"
"Gunawan Susanto 137","628199429995","gunawan.susanto.137@test.com"
"Lukman Hakim 138","628132723378","lukman.hakim.138@test.com"
"Hani Permata 139","628186328447","hani.permata.139@test.com"
"Fitri Handayani 140","628166625906","fitri.handayani.140@test.com"
"Sari Nila 141","628156563811","sari.nila.141@test.com"
"Qori Sandioriva 142","628179395624","qori.sandioriva.142@test.com"
"Siti Nurhaliza 143","628166296550","siti.nurhaliza.143@test.com"
"Kartika Sari 144","628128713213","kartika.sari.144@test.com"
"Budi Santoso 145","628197649648","budi.santoso.145@test.com"
"Sari Nila 146","628193917467","sari.nila.146@test.com"
"Lukman Hakim 147","628170623394","lukman.hakim.147@test.com"
"Rini Soemarno 148","628166598886","rini.soemarno.148@test.com"
"Lukman Hakim 149","628128462266","lukman.hakim.149@test.com"
"Ahmad Wijaya 150","628162092438","ahmad.wijaya.150@test.com"
"Siti Nurhaliza 151","628161814666","siti.nurhaliza.151@test.com"
"Siti Nurhaliza 152","628194724339","siti.nurhaliza.152@test.com"
"Budi Santoso 153","628130151100","budi.santoso.153@test.com"
"Joko Widodo 154","628180840881","joko.widodo.154@test.com"
"Oki Setiana 155","628103561612","oki.setiana.155@test.com"
"Dewi Sartika 156","628164653170","dewi.sartika.156@test.com"
"Ahmad Wijaya 157","628167735590","ahmad.wijaya.157@test.com"
"Kartika Sari 158","628137373637","kartika.sari.158@test.com"
"Nanda Pratama 159","628159775046","nanda.pratama.159@test.com"
"Gunawan Susanto 160","628188939115","gunawan.susanto.160@test.com"
"Qori Sandioriva 161","628196284230","qori.sandioriva.161@test.com"
"Kartika Sari 162","628136649076","kartika.sari.162@test.com"
"Qori Sandioriva 163","628131833309","qori.sandioriva.163@test.com"
"Fitri Handayani 164","628199189287","fitri.handayani.164@test.com"
"Gunawan Susanto 165","628126072764","gunawan.susanto.165@test.com"
"Sari Nila 166","628166435989","sari.nila.166@test.com"
"Qori Sandioriva 167","628157883415","qori.sandioriva.167@test.com"
"Sari Nila 168","628174430775","sari.nila.168@test.com"
"Indra Kusuma 169","628132445800","indra.kusuma.169@test.com"
"Maya Sari 170","628106418563","maya.sari.170@test.com"
"Maya Sari 171","628161800243","maya.sari.171@test.com"
"Budi Santoso 172","628166287954","budi.santoso.172@test.com"
"Hani Permata 173","628196228676","hani.permata.173@test.com"
"Rini Soemarno 174","628121152146","rini.soemarno.174@test.com"
"Oki Setiana 175","628107601737","oki.setiana.175@test.com"
"Maya Sari 176","628113062102","maya.sari.176@test.com"
"Oki Setiana 177","628195556751","oki.setiana.177@test.com"
"Eko Prasetyo 178","628137437809","eko.prasetyo.178@test.com"
"Kartika Sari 179","628106233327","kartika.sari.179@test.com"
"Lukman Hakim 180","628137641750","lukman.hakim.180@test.com"
"Tono Suratman 181","628108135198","tono.suratman.181@test.com"
"Ahmad Wijaya 182","628110635685","ahmad.wijaya.182@test.com"
"Nanda Pratama 183","628126772241","nanda.pratama.183@test.com"
"Siti Nurhaliza 184","628138717157","siti.nurhaliza.184@test.com"
"Hani Permata 185","628162324368","hani.permata.185@test.com"
"Qori Sandioriva 186","628102976176","qori.sandioriva.186@test.com"
"Putri Maharani 187","628119433068","putri.maharani.187@test.com"
"Gunawan Susanto 188","628195095205","gunawan.susanto.188@test.com"
"Nanda Pratama 189","628120447666","nanda.pratama.189@test.com"
"Sari Nila 190","628110049158","sari.nila.190@test.com"
"Ahmad Wijaya 191","628107153784","ahmad.wijaya.191@test.com"
"Ahmad Wijaya 192","628146925465","ahmad.wijaya.192@test.com"
"Nanda Pratama 193","628136965791","nanda.pratama.193@test.com"
"Putri Maharani 194","628108827983","putri.maharani.194@test.com"
"Budi Santoso 195","628144681628","budi.santoso.195@test.com"
"Nanda Pratama 196","628182107564","nanda.pratama.196@test.com"
"Oki Setiana 197","628142862940","oki.setiana.197@test.com"
"Ahmad Wijaya 198","628143973966","ahmad.wijaya.198@test.com"
"Rini Soemarno 199","628170140824","rini.soemarno.199@test.com"
"Eko Prasetyo 200","628122652678","eko.prasetyo.200@test.com"
"Putri Maharani 201","628197116648","putri.maharani.201@test.com"
"Budi Santoso 202","628178088604","budi.santoso.202@test.com"
"Eko Prasetyo 203","628175648797","eko.prasetyo.203@test.com"
"Maya Sari 204","628141520519","maya.sari.204@test.com"
"Nanda Pratama 205","628136816961","nanda.pratama.205@test.com"
"Putri Maharani 206","628187052120","putri.maharani.206@test.com"
"Joko Widodo 207","628100428999","joko.widodo.207@test.com"
"Fitri Handayani 208","628169918379","fitri.handayani.208@test.com"
"Indra Kusuma 209","628128879496","indra.kusuma.209@test.com"
"Ahmad Wijaya 210","628177565263","ahmad.wijaya.210@test.com"
"Indra Kusuma 211","628143158372","indra.kusuma.211@test.com"
"Putri Maharani 212","628156569821","putri.maharani.212@test.com"
"Fitri Handayani 213","628138694527","fitri.handayani.213@test.com"
"Tono Suratman 214","628180705355","tono.suratman.214@test.com"
"Indra Kusuma 215","628139123956","indra.kusuma.215@test.com"
"Indra Kusuma 216","628112966146","indra.kusuma.216@test.com"
"Maya Sari 217","628196995302","maya.sari.217@test.com"
"Oki Setiana 218","628113325074","oki.setiana.218@test.com"
"Indra Kusuma 219","628171045924","indra.kusuma.219@test.com"
"Ahmad Wijaya 220","628151618579","ahmad.wijaya.220@test.com"
"Rini Soemarno 221","628104346150","rini.soemarno.221@test.com"
"Kartika Sari 222","628189999533","kartika.sari.222@test.com"
"Budi Santoso 223","628182121726","budi.santoso.223@test.com"
"Joko Widodo 224","628124976918","joko.widodo.224@test.com"
"Oki Setiana 225","628105932136","oki.setiana.225@test.com"
"Kartika Sari 226","628135256611","kartika.sari.226@test.com"
"Maya Sari 227","628146398302","maya.sari.227@test.com"
"Fitri Handayani 228","628151717881","fitri.handayani.228@test.com"
"Oki Setiana 229","628118187891","oki.setiana.229@test.com"
"Hani Permata 230","628129054592","hani.permata.230@test.com"
"Nanda Pratama 231","628170880885","nanda.pratama.231@test.com"
"Budi Santoso 232","628186450157","budi.santoso.232@test.com"
"Qori Sandioriva 233","628123784029","qori.sandioriva.233@test.com"
"Fitri Handayani 234","628140763658","fitri.handayani.234@test.com"
"Putri Maharani 235","628193501219","putri.maharani.235@test.com"
"Rini Soemarno 236","628121066237","rini.soemarno.236@test.com"
"Tono Suratman 237","628160733502","tono.suratman.237@test.com"
"Kartika Sari 238","628163036975","kartika.sari.238@test.com"
"Rini Soemarno 239","628176988422","rini.soemarno.239@test.com"
"Budi Santoso 240","628132969468","budi.santoso.240@test.com"
"Kartika Sari 241","628171299457","kartika.sari.241@test.com"
"Lukman Hakim 242","628149140539","lukman.hakim.242@test.com"
"Gunawan Susanto 243","628113286647","gunawan.susanto.243@test.com"
"Sari Nila 244","628133021691","sari.nila.244@test.com"
"Rini Soemarno 245","628172327651","rini.soemarno.245@test.com"
"Nanda Pratama 246","628170564697","nanda.pratama.246@test.com"
"Tono Suratman 247","628168397494","tono.suratman.247@test.com"
"Fitri Handayani 248","628173029290","fitri.handayani.248@test.com"
"Kartika Sari 249","628173840037","kartika.sari.249@test.com"
"Lukman Hakim 250","628140095345","lukman.hakim.250@test.com"
"Hani Permata 251","628196913886","hani.permata.251@test.com"
"Dewi Sartika 252","628149562429","dewi.sartika.252@test.com"
"Budi Santoso 253","628173548184","budi.santoso.253@test.com"
"Siti Nurhaliza 254","628187308743","siti.nurhaliza.254@test.com"
"Ahmad Wijaya 255","628138812776","ahmad.wijaya.255@test.com"
"Indra Kusuma 256","628148816837","indra.kusuma.256@test.com"
"Nanda Pratama 257","628159544938","nanda.pratama.257@test.com"
"Lukman Hakim 258","628145750884","lukman.hakim.258@test.com"
"Fitri Handayani 259","628168007353","fitri.handayani.259@test.com"
"Gunawan Susanto 260","628111114036","gunawan.susanto.260@test.com"
"Qori Sandioriva 261","628183398063","qori.sandioriva.261@test.com"
"Indra Kusuma 262","628152777869","indra.kusuma.262@test.com"
"Kartika Sari 263","628130662627","kartika.sari.263@test.com"
"Indra Kusuma 264","628130103165","indra.kusuma.264@test.com"
"Hani Permata 265","628169634647","hani.permata.265@test.com"
"Kartika Sari 266","628167232790","kartika.sari.266@test.com"
"Oki Setiana 267","628130825691","oki.setiana.267@test.com"
"Joko Widodo 268","628119828936","joko.widodo.268@test.com"
"Fitri Handayani 269","628150597879","fitri.handayani.269@test.com"
"Budi Santoso 270","628180234885","budi.santoso.270@test.com"
"Eko Prasetyo 271","628177222766","eko.prasetyo.271@test.com"
"Putri Maharani 272","628163725749","putri.maharani.272@test.com"
"Nanda Pratama 273","628179998131","nanda.pratama.273@test.com"
"Tono Suratman 274","628108572452","tono.suratman.274@test.com"
"Oki Setiana 275","628136055322","oki.setiana.275@test.com"
"Ahmad Wijaya 276","628193433559","ahmad.wijaya.276@test.com"
"Oki Setiana 277","628157377105","oki.setiana.277@test.com"
"Nanda Pratama 278","628116951763","nanda.pratama.278@test.com"
"Gunawan Susanto 279","628117572506","gunawan.susanto.279@test.com"
"Gunawan Susanto 280","628161953889","gunawan.susanto.280@test.com"
"Nanda Pratama 281","628195697000","nanda.pratama.281@test.com"
"Nanda Pratama 282","628197145457","nanda.pratama.282@test.com"
"Nanda Pratama 283","628134718060","nanda.pratama.283@test.com"
"Rini Soemarno 284","628191494251","rini.soemarno.284@test.com"
"Kartika Sari 285","628137715249","kartika.sari.285@test.com"
"Oki Setiana 286","628182588949","oki.setiana.286@test.com"
"Fitri Handayani 287","628125541903","fitri.handayani.287@test.com"
"Lukman Hakim 288","628116373612","lukman.hakim.288@test.com"
"Siti Nurhaliza 289","628149739825","siti.nurhaliza.289@test.com"
"Maya Sari 290","628191942078","maya.sari.290@test.com"
"Siti Nurhaliza 291","628166313562","siti.nurhaliza.291@test.com"
"Qori Sandioriva 292","628170259380","qori.sandioriva.292@test.com"
"Hani Permata 293","628186170443","hani.permata.293@test.com"
"Oki Setiana 294","628161874450","oki.setiana.294@test.com"
"Lukman Hakim 295","628132282691","lukman.hakim.295@test.com"
"Sari Nila 296","628181082213","sari.nila.296@test.com"
"Joko Widodo 297","628100939668","joko.widodo.297@test.com"
"Eko Prasetyo 298","628148218906","eko.prasetyo.298@test.com"
"Indra Kusuma 299","628192825336","indra.kusuma.299@test.com"
"Gunawan Susanto 300","628123805686","gunawan.susanto.300@test.com"
"Dewi Sartika 301","628174605391","dewi.sartika.301@test.com"
"Maya Sari 302","628163055112","maya.sari.302@test.com"
"Maya Sari 303","628117952264","maya.sari.303@test.com"
"Maya Sari 304","628195053726","maya.sari.304@test.com"
"Sari Nila 305","628165766572","sari.nila.305@test.com"
"Siti Nurhaliza 306","628151218828","siti.nurhaliza.306@test.com"
"Kartika Sari 307","628154015184","kartika.sari.307@test.com"
"Eko Prasetyo 308","628171301444","eko.prasetyo.308@test.com"
"Tono Suratman 309","628102295154","tono.suratman.309@test.com"
"Fitri Handayani 310","628152756255","fitri.handayani.310@test.com"
"Lukman Hakim 311","628125123673","lukman.hakim.311@test.com"
"Ahmad Wijaya 312","628114455818","ahmad.wijaya.312@test.com"
"Lukman Hakim 313","628183034478","lukman.hakim.313@test.com"
"Putri Maharani 314","628166471993","putri.maharani.314@test.com"
"Ahmad Wijaya 315","628136236300","ahmad.wijaya.315@test.com"
"Putri Maharani 316","628126146651","putri.maharani.316@test.com"
"Eko Prasetyo 317","628130539152","eko.prasetyo.317@test.com"
"Budi Santoso 318","628167962525","budi.santoso.318@test.com"
"Indra Kusuma 319","628111944540","indra.kusuma.319@test.com"
"Dewi Sartika 320","628178595110","dewi.sartika.320@test.com"
"Lukman Hakim 321","628107031695","lukman.hakim.321@test.com"
"Gunawan Susanto 322","628157062292","gunawan.susanto.322@test.com"
"Dewi Sartika 323","628137953157","dewi.sartika.323@test.com"
"Ahmad Wijaya 324","628123939650","ahmad.wijaya.324@test.com"
"Budi Santoso 325","628169234473","budi.santoso.325@test.com"
"Sari Nila 326","628135680567","sari.nila.326@test.com"
"Nanda Pratama 327","628164902532","nanda.pratama.327@test.com"
"Budi Santoso 328","628118759217","budi.santoso.328@test.com"
"Hani Permata 329","628115663102","hani.permata.329@test.com"
"Tono Suratman 330","628172061585","tono.suratman.330@test.com"
"Sari Nila 331","628133963955","sari.nila.331@test.com"
"Tono Suratman 332","628182837622","tono.suratman.332@test.com"
"Hani Permata 333","628168184811","hani.permata.333@test.com"
"Hani Permata 334","628177886250","hani.permata.334@test.com"
"Nanda Pratama 335","628148144410","nanda.pratama.335@test.com"
"Lukman Hakim 336","628107512996","lukman.hakim.336@test.com"
"Fitri Handayani 337","628190372924","fitri.handayani.337@test.com"
"Indra Kusuma 338","628108784660","indra.kusuma.338@test.com"
"Gunawan Susanto 339","628151519237","gunawan.susanto.339@test.com"
"Sari Nila 340","628102770636","sari.nila.340@test.com"
"Ahmad Wijaya 341","628194928075","ahmad.wijaya.341@test.com"
"Lukman Hakim 342","628116790495","lukman.hakim.342@test.com"
"Tono Suratman 343","628196740761","tono.suratman.343@test.com"
"Ahmad Wijaya 344","628173875257","ahmad.wijaya.344@test.com"
"Fitri Handayani 345","628131606386","fitri.handayani.345@test.com"
"Fitri Handayani 346","628147287409","fitri.handayani.346@test.com"
"Putri Maharani 347","628100859048","putri.maharani.347@test.com"
"Qori Sandioriva 348","628197631814","qori.sandioriva.348@test.com"
"Hani Permata 349","628104371741","hani.permata.349@test.com"
"Rini Soemarno 350","628172057520","rini.soemarno.350@test.com"
"Rini Soemarno 351","628161342024","rini.soemarno.351@test.com"
"Rini Soemarno 352","628135016311","rini.soemarno.352@test.com"
"Gunawan Susanto 353","628143947416","gunawan.susanto.353@test.com"
"Kartika Sari 354","628139540973","kartika.sari.354@test.com"
"Hani Permata 355","628173776619","hani.permata.355@test.com"
"Eko Prasetyo 356","628191804159","eko.prasetyo.356@test.com"
"Tono Suratman 357","628154654996","tono.suratman.357@test.com"
"Qori Sandioriva 358","628161021946","qori.sandioriva.358@test.com"
"Rini Soemarno 359","628168032585","rini.soemarno.359@test.com"
"Indra Kusuma 360","628175872952","indra.kusuma.360@test.com"
"Qori Sandioriva 361","628176511161","qori.sandioriva.361@test.com"
"Kartika Sari 362","628197734843","kartika.sari.362@test.com"
"Joko Widodo 363","628107249217","joko.widodo.363@test.com"
"Budi Santoso 364","628150352214","budi.santoso.364@test.com"
"Kartika Sari 365","628176613204","kartika.sari.365@test.com"
"Dewi Sartika 366","628147654988","dewi.sartika.366@test.com"
"Tono Suratman 367","628166098725","tono.suratman.367@test.com"
"Hani Permata 368","628158972845","hani.permata.368@test.com"
"Dewi Sartika 369","628199764075","dewi.sartika.369@test.com"
"Tono Suratman 370","628116373574","tono.suratman.370@test.com"
"Siti Nurhaliza 371","628167559438","siti.nurhaliza.371@test.com"
"Ahmad Wijaya 372","628156276454","ahmad.wijaya.372@test.com"
"Eko Prasetyo 373","628115277013","eko.prasetyo.373@test.com"
"Dewi Sartika 374","628102302850","dewi.sartika.374@test.com"
"Sari Nila 375","628165822370","sari.nila.375@test.com"
"Kartika Sari 376","628118460505","kartika.sari.376@test.com"
"Putri Maharani 377","628191890743","putri.maharani.377@test.com"
"Tono Suratman 378","628147890417","tono.suratman.378@test.com"
"Kartika Sari 379","628156733633","kartika.sari.379@test.com"
"Eko Prasetyo 380","628191672157","eko.prasetyo.380@test.com"
"Qori Sandioriva 381","628192185344","qori.sandioriva.381@test.com"
"Indra Kusuma 382","628188133178","indra.kusuma.382@test.com"
"Sari Nila 383","628179879668","sari.nila.383@test.com"
"Qori Sandioriva 384","628164122778","qori.sandioriva.384@test.com"
"Eko Prasetyo 385","628163301427","eko.prasetyo.385@test.com"
"Lukman Hakim 386","628125483237","lukman.hakim.386@test.com"
"Sari Nila 387","628113959693","sari.nila.387@test.com"
"Eko Prasetyo 388","628105389973","eko.prasetyo.388@test.com"
"Budi Santoso 389","628137592200","budi.santoso.389@test.com"
"Dewi Sartika 390","628188364524","dewi.sartika.390@test.com"
"Lukman Hakim 391","628146201964","lukman.hakim.391@test.com"
"Budi Santoso 392","628129400428","budi.santoso.392@test.com"
"Putri Maharani 393","628107970658","putri.maharani.393@test.com"
"Dewi Sartika 394","628176572395","dewi.sartika.394@test.com"
"Qori Sandioriva 395","628161658197","qori.sandioriva.395@test.com"
"Kartika Sari 396","628187449271","kartika.sari.396@test.com"
"Sari Nila 397","628118556874","sari.nila.397@test.com"
"Dewi Sartika 398","628169918947","dewi.sartika.398@test.com"
"Joko Widodo 399","628148085890","joko.widodo.399@test.com"
"Siti Nurhaliza 400","628158953196","siti.nurhaliza.400@test.com"
"Tono Suratman 401","628147006129","tono.suratman.401@test.com"
"Putri Maharani 402","628121228715","putri.maharani.402@test.com"
"Maya Sari 403","628147276265","maya.sari.403@test.com"
"Sari Nila 404","628173638657","sari.nila.404@test.com"
"Dewi Sartika 405","628115292017","dewi.sartika.405@test.com"
"Rini Soemarno 406","628161256713","rini.soemarno.406@test.com"
"Joko Widodo 407","628187666244","joko.widodo.407@test.com"
"Tono Suratman 408","628140808283","tono.suratman.408@test.com"
"Maya Sari 409","628153264333","maya.sari.409@test.com"
"Maya Sari 410","628154244824","maya.sari.410@test.com"
"Hani Permata 411","628122506118","hani.permata.411@test.com"
"Ahmad Wijaya 412","628188554698","ahmad.wijaya.412@test.com"
"Maya Sari 413","628104053937","maya.sari.413@test.com"
"Eko Prasetyo 414","628183818987","eko.prasetyo.414@test.com"
"Joko Widodo 415","628121182725","joko.widodo.415@test.com"
"Tono Suratman 416","628197848411","tono.suratman.416@test.com"
"Kartika Sari 417","628182224518","kartika.sari.417@test.com"
"Siti Nurhaliza 418","628171528767","siti.nurhaliza.418@test.com"
"Dewi Sartika 419","628142142686","dewi.sartika.419@test.com"
"Fitri Handayani 420","628184326727","fitri.handayani.420@test.com"
"Nanda Pratama 421","628164008965","nanda.pratama.421@test.com"
"Lukman Hakim 422","628123786117","lukman.hakim.422@test.com"
"Siti Nurhaliza 423","628158674552","siti.nurhaliza.423@test.com"
"Siti Nurhaliza 424","628152996683","siti.nurhaliza.424@test.com"
"Rini Soemarno 425","628155968691","rini.soemarno.425@test.com"
"Gunawan Susanto 426","628168194889","gunawan.susanto.426@test.com"
"Indra Kusuma 427","628173412397","indra.kusuma.427@test.com"
"Putri Maharani 428","628129378230","putri.maharani.428@test.com"
"Eko Prasetyo 429","628114643486","eko.prasetyo.429@test.com"
"Sari Nila 430","628183345493","sari.nila.430@test.com"
"Nanda Pratama 431","628102215267","nanda.pratama.431@test.com"
"Putri Maharani 432","628106242867","putri.maharani.432@test.com"
"Putri Maharani 433","628146415683","putri.maharani.433@test.com"
"Oki Setiana 434","628196551170","oki.setiana.434@test.com"
"Qori Sandioriva 435","628184431178","qori.sandioriva.435@test.com"
"Sari Nila 436","628103987527","sari.nila.436@test.com"
"Lukman Hakim 437","628149216407","lukman.hakim.437@test.com"
"Dewi Sartika 438","628117178365","dewi.sartika.438@test.com"
"Eko Prasetyo 439","628196223568","eko.prasetyo.439@test.com"
"Siti Nurhaliza 440","628147762283","siti.nurhaliza.440@test.com"
"Oki Setiana 441","628111110322","oki.setiana.441@test.com"
"Indra Kusuma 442","628101046832","indra.kusuma.442@test.com"
"Lukman Hakim 443","628104297988","lukman.hakim.443@test.com"
"Oki Setiana 444","628160717618","oki.setiana.444@test.com"
"Putri Maharani 445","628121099795","putri.maharani.445@test.com"
"Siti Nurhaliza 446","628151559000","siti.nurhaliza.446@test.com"
"Maya Sari 447","628107485622","maya.sari.447@test.com"
"Budi Santoso 448","628115053827","budi.santoso.448@test.com"
"Kartika Sari 449","628126154810","kartika.sari.449@test.com"
"Dewi Sartika 450","628100748822","dewi.sartika.450@test.com"
"Joko Widodo 451","628111173203","joko.widodo.451@test.com"
"Eko Prasetyo 452","628161418580","eko.prasetyo.452@test.com"
"Indra Kusuma 453","628108454045","indra.kusuma.453@test.com"
"Budi Santoso 454","628113093880","budi.santoso.454@test.com"
"Budi Santoso 455","628146138290","budi.santoso.455@test.com"
"Qori Sandioriva 456","628185979372","qori.sandioriva.456@test.com"
"Dewi Sartika 457","628128097704","dewi.sartika.457@test.com"
"Fitri Handayani 458","628153466962","fitri.handayani.458@test.com"
"Rini Soemarno 459","628180216956","rini.soemarno.459@test.com"
"Qori Sandioriva 460","628168155807","qori.sandioriva.460@test.com"
"Tono Suratman 461","628128751614","tono.suratman.461@test.com"
"Siti Nurhaliza 462","628163570357","siti.nurhaliza.462@test.com"
"Eko Prasetyo 463","628155072870","eko.prasetyo.463@test.com"
"Joko Widodo 464","628188935951","joko.widodo.464@test.com"
"Tono Suratman 465","628199491827","tono.suratman.465@test.com"
"Rini Soemarno 466","628100561607","rini.soemarno.466@test.com"
"Siti Nurhaliza 467","628197643985","siti.nurhaliza.467@test.com"
"Indra Kusuma 468","628160939853","indra.kusuma.468@test.com"
"Qori Sandioriva 469","628116694246","qori.sandioriva.469@test.com"
"Oki Setiana 470","628179560318","oki.setiana.470@test.com"
"Siti Nurhaliza 471","628122299424","siti.nurhaliza.471@test.com"
"Budi Santoso 472","628155792435","budi.santoso.472@test.com"
"Tono Suratman 473","628199077407","tono.suratman.473@test.com"
"Joko Widodo 474","628106691468","joko.widodo.474@test.com"
"Oki Setiana 475","628110670155","oki.setiana.475@test.com"
"Qori Sandioriva 476","628188204935","qori.sandioriva.476@test.com"
"Eko Prasetyo 477","628138156906","eko.prasetyo.477@test.com"
"Ahmad Wijaya 478","628142660012","ahmad.wijaya.478@test.com"
"Eko Prasetyo 479","628160126757","eko.prasetyo.479@test.com"
"Siti Nurhaliza 480","628131240998","siti.nurhaliza.480@test.com"
"Hani Permata 481","628118597431","hani.permata.481@test.com"
"Oki Setiana 482","628102496091","oki.setiana.482@test.com"
"Eko Prasetyo 483","628140789864","eko.prasetyo.483@test.com"
"Kartika Sari 484","628120071999","kartika.sari.484@test.com"
"Putri Maharani 485","628132715021","putri.maharani.485@test.com"
"Nanda Pratama 486","628136409709","nanda.pratama.486@test.com"
"Eko Prasetyo 487","628165090707","eko.prasetyo.487@test.com"
"Indra Kusuma 488","628150735880","indra.kusuma.488@test.com"
"Fitri Handayani 489","628138703758","fitri.handayani.489@test.com"
"Tono Suratman 490","628181715797","tono.suratman.490@test.com"
"Eko Prasetyo 491","628187027132","eko.prasetyo.491@test.com"
"Putri Maharani 492","628161909907","putri.maharani.492@test.com"
"Joko Widodo 493","628182590956","joko.widodo.493@test.com"
"Indra Kusuma 494","628191641345","indra.kusuma.494@test.com"
"Nanda Pratama 495","628147539329","nanda.pratama.495@test.com"
"Maya Sari 496","628140515681","maya.sari.496@test.com"
"Dewi Sartika 497","628160503058","dewi.sartika.497@test.com"
"Putri Maharani 498","628196744612","putri.maharani.498@test.com"
"Fitri Handayani 499","628141770009","fitri.handayani.499@test.com"
"Putri Maharani 500","628118201434","putri.maharani.500@test.com"
"Gunawan Susanto 501","628176982881","gunawan.susanto.501@test.com"
"Kartika Sari 502","628148568748","kartika.sari.502@test.com"
"Dewi Sartika 503","628115377018","dewi.sartika.503@test.com"
"Eko Prasetyo 504","628169343622","eko.prasetyo.504@test.com"
"Budi Santoso 505","628115534694","budi.santoso.505@test.com"
"Rini Soemarno 506","628118723156","rini.soemarno.506@test.com"
"Fitri Handayani 507","628122724174","fitri.handayani.507@test.com"
"Fitri Handayani 508","628136667253","fitri.handayani.508@test.com"
"Ahmad Wijaya 509","628169024570","ahmad.wijaya.509@test.com"
"Hani Permata 510","628124437433","hani.permata.510@test.com"
"Putri Maharani 511","628172456847","putri.maharani.511@test.com"
"Siti Nurhaliza 512","628177783450","siti.nurhaliza.512@test.com"
"Siti Nurhaliza 513","628152305076","siti.nurhaliza.513@test.com"
"Joko Widodo 514","628124961289","joko.widodo.514@test.com"
"Sari Nila 515","628129310524","sari.nila.515@test.com"
"Nanda Pratama 516","628162828875","nanda.pratama.516@test.com"
"Sari Nila 517","628184461567","sari.nila.517@test.com"
"Rini Soemarno 518","628198436996","rini.soemarno.518@test.com"
"Maya Sari 519","628103669454","maya.sari.519@test.com"
"Fitri Handayani 520","628124789067","fitri.handayani.520@test.com"
"Fitri Handayani 521","628111785082","fitri.handayani.521@test.com"
"Qori Sandioriva 522","628156649789","qori.sandioriva.522@test.com"
"Joko Widodo 523","628148302545","joko.widodo.523@test.com"
"Putri Maharani 524","628195319449","putri.maharani.524@test.com"
"Gunawan Susanto 525","628194039401","gunawan.susanto.525@test.com"
"Indra Kusuma 526","628140115986","indra.kusuma.526@test.com"
"Ahmad Wijaya 527","628103564119","ahmad.wijaya.527@test.com"
"Gunawan Susanto 528","628188916467","gunawan.susanto.528@test.com"
"Budi Santoso 529","628198118976","budi.santoso.529@test.com"
"Eko Prasetyo 530","628105676113","eko.prasetyo.530@test.com"
"Kartika Sari 531","628128676646","kartika.sari.531@test.com"
"Dewi Sartika 532","628179678547","dewi.sartika.532@test.com"
"Fitri Handayani 533","628172846512","fitri.handayani.533@test.com"
"Tono Suratman 534","628122863158","tono.suratman.534@test.com"
"Fitri Handayani 535","628169364482","fitri.handayani.535@test.com"
"Eko Prasetyo 536","628168588403","eko.prasetyo.536@test.com"
"Rini Soemarno 537","628110350007","rini.soemarno.537@test.com"
"Hani Permata 538","628178199317","hani.permata.538@test.com"
"Lukman Hakim 539","628121111900","lukman.hakim.539@test.com"
"Ahmad Wijaya 540","628183141665","ahmad.wijaya.540@test.com"
"Oki Setiana 541","628180240799","oki.setiana.541@test.com"
"Qori Sandioriva 542","628101836782","qori.sandioriva.542@test.com"
"Putri Maharani 543","628165831666","putri.maharani.543@test.com"
"Ahmad Wijaya 544","628155277632","ahmad.wijaya.544@test.com"
"Lukman Hakim 545","628136072456","lukman.hakim.545@test.com"
"Joko Widodo 546","628129206544","joko.widodo.546@test.com"
"Nanda Pratama 547","628199613521","nanda.pratama.547@test.com"
"Oki Setiana 548","628138528337","oki.setiana.548@test.com"
"Oki Setiana 549","628178124405","oki.setiana.549@test.com"
"Dewi Sartika 550","628128624084","dewi.sartika.550@test.com"
"Budi Santoso 551","628101714008","budi.santoso.551@test.com"
"Lukman Hakim 552","628154290397","lukman.hakim.552@test.com"
"Sari Nila 553","628197697900","sari.nila.553@test.com"
"Fitri Handayani 554","628119422390","fitri.handayani.554@test.com"
"Ahmad Wijaya 555","628165276668","ahmad.wijaya.555@test.com"
"Kartika Sari 556","628100637384","kartika.sari.556@test.com"
"Indra Kusuma 557","628168953170","indra.kusuma.557@test.com"
"Dewi Sartika 558","628119044827","dewi.sartika.558@test.com"
"Budi Santoso 559","628174290248","budi.santoso.559@test.com"
"Indra Kusuma 560","628174027205","indra.kusuma.560@test.com"
"Putri Maharani 561","628123353278","putri.maharani.561@test.com"
"Fitri Handayani 562","628197998273","fitri.handayani.562@test.com"
"Maya Sari 563","628117563814","maya.sari.563@test.com"
"Oki Setiana 564","628150998628","oki.setiana.564@test.com"
"Budi Santoso 565","628179754805","budi.santoso.565@test.com"
"Lukman Hakim 566","628146018560","lukman.hakim.566@test.com"
"Dewi Sartika 567","628138262993","dewi.sartika.567@test.com"
"Fitri Handayani 568","628160070310","fitri.handayani.568@test.com"
"Joko Widodo 569","628138358089","joko.widodo.569@test.com"
"Hani Permata 570","628178119240","hani.permata.570@test.com"
"Eko Prasetyo 571","628101526446","eko.prasetyo.571@test.com"
"Siti Nurhaliza 572","628115597284","siti.nurhaliza.572@test.com"
"Sari Nila 573","628178894566","sari.nila.573@test.com"
"Maya Sari 574","628120082200","maya.sari.574@test.com"
"Sari Nila 575","628168519699","sari.nila.575@test.com"
"Ahmad Wijaya 576","628131664634","ahmad.wijaya.576@test.com"
"Eko Prasetyo 577","628143704865","eko.prasetyo.577@test.com"
"Tono Suratman 578","628182407242","tono.suratman.578@test.com"
"Kartika Sari 579","628191479871","kartika.sari.579@test.com"
"Rini Soemarno 580","628102853183","rini.soemarno.580@test.com"
"Siti Nurhaliza 581","628114399835","siti.nurhaliza.581@test.com"
"Indra Kusuma 582","628168463415","indra.kusuma.582@test.com"
"Kartika Sari 583","628196864535","kartika.sari.583@test.com"
"Putri Maharani 584","628175026997","putri.maharani.584@test.com"
"Gunawan Susanto 585","628122086920","gunawan.susanto.585@test.com"
"Putri Maharani 586","628114054683","putri.maharani.586@test.com"
"Sari Nila 587","628102043424","sari.nila.587@test.com"
"Eko Prasetyo 588","628109839641","eko.prasetyo.588@test.com"
"Joko Widodo 589","628106307366","joko.widodo.589@test.com"
"Indra Kusuma 590","628142427039","indra.kusuma.590@test.com"
"Tono Suratman 591","628162838359","tono.suratman.591@test.com"
"Indra Kusuma 592","628197280057","indra.kusuma.592@test.com"
"Tono Suratman 593","628184049300","tono.suratman.593@test.com"
"Budi Santoso 594","628171540935","budi.santoso.594@test.com"
"Qori Sandioriva 595","628196629790","qori.sandioriva.595@test.com"
"Gunawan Susanto 596","628137684169","gunawan.susanto.596@test.com"
"Maya Sari 597","628134711247","maya.sari.597@test.com"
"Hani Permata 598","628198392856","hani.permata.598@test.com"
"Putri Maharani 599","628157947218","putri.maharani.599@test.com"
"Qori Sandioriva 600","628104958872","qori.sandioriva.600@test.com"
"Lukman Hakim 601","628192064943","lukman.hakim.601@test.com"
"Eko Prasetyo 602","628137389375","eko.prasetyo.602@test.com"
"Lukman Hakim 603","628194691366","lukman.hakim.603@test.com"
"Indra Kusuma 604","628133380057","indra.kusuma.604@test.com"
"Sari Nila 605","628128937154","sari.nila.605@test.com"
"Kartika Sari 606","628130530344","kartika.sari.606@test.com"
"Gunawan Susanto 607","628122710513","gunawan.susanto.607@test.com"
"Sari Nila 608","628126435138","sari.nila.608@test.com"
"Putri Maharani 609","628177348061","putri.maharani.609@test.com"
"Nanda Pratama 610","628168364139","nanda.pratama.610@test.com"
"Rini Soemarno 611","628184921417","rini.soemarno.611@test.com"
"Fitri Handayani 612","628131813685","fitri.handayani.612@test.com"
"Gunawan Susanto 613","628132152739","gunawan.susanto.613@test.com"
"Qori Sandioriva 614","628191893374","qori.sandioriva.614@test.com"
"Joko Widodo 615","628106513300","joko.widodo.615@test.com"
"Kartika Sari 616","628152024923","kartika.sari.616@test.com"
"Oki Setiana 617","628197590577","oki.setiana.617@test.com"
"Nanda Pratama 618","628194425853","nanda.pratama.618@test.com"
"Dewi Sartika 619","628184631246","dewi.sartika.619@test.com"
"Eko Prasetyo 620","628152663605","eko.prasetyo.620@test.com"
"Nanda Pratama 621","628135109173","nanda.pratama.621@test.com"
"Joko Widodo 622","628196393895","joko.widodo.622@test.com"
"Eko Prasetyo 623","628198888927","eko.prasetyo.623@test.com"
"Tono Suratman 624","628125762194","tono.suratman.624@test.com"
"Putri Maharani 625","628160618104","putri.maharani.625@test.com"
"Putri Maharani 626","628139264192","putri.maharani.626@test.com"
"Ahmad Wijaya 627","628140318808","ahmad.wijaya.627@test.com"
"Kartika Sari 628","628145291520","kartika.sari.628@test.com"
"Sari Nila 629","628107598923","sari.nila.629@test.com"
"Joko Widodo 630","628135444399","joko.widodo.630@test.com"
"Fitri Handayani 631","628120451761","fitri.handayani.631@test.com"
"Eko Prasetyo 632","628176148268","eko.prasetyo.632@test.com"
"Fitri Handayani 633","628122786793","fitri.handayani.633@test.com"
"Fitri Handayani 634","628100551968","fitri.handayani.634@test.com"
"Fitri Handayani 635","628128462899","fitri.handayani.635@test.com"
"Siti Nurhaliza 636","628176649603","siti.nurhaliza.636@test.com"
"Ahmad Wijaya 637","628157986107","ahmad.wijaya.637@test.com"
"Sari Nila 638","628166025736","sari.nila.638@test.com"
"Lukman Hakim 639","628161132465","lukman.hakim.639@test.com"
"Sari Nila 640","628135312858","sari.nila.640@test.com"
"Ahmad Wijaya 641","628135618423","ahmad.wijaya.641@test.com"
"Tono Suratman 642","628142300108","tono.suratman.642@test.com"
"Sari Nila 643","628124289043","sari.nila.643@test.com"
"Indra Kusuma 644","628193561640","indra.kusuma.644@test.com"
"Ahmad Wijaya 645","628164481130","ahmad.wijaya.645@test.com"
"Tono Suratman 646","628117265576","tono.suratman.646@test.com"
"Ahmad Wijaya 647","628167130261","ahmad.wijaya.647@test.com"
"Fitri Handayani 648","628180651622","fitri.handayani.648@test.com"
"Kartika Sari 649","628131669722","kartika.sari.649@test.com"
"Rini Soemarno 650","628149878569","rini.soemarno.650@test.com"
"Putri Maharani 651","628195695928","putri.maharani.651@test.com"
"Gunawan Susanto 652","628107913662","gunawan.susanto.652@test.com"
"Siti Nurhaliza 653","628186078006","siti.nurhaliza.653@test.com"
"Nanda Pratama 654","628177348518","nanda.pratama.654@test.com"
"Lukman Hakim 655","628194281572","lukman.hakim.655@test.com"
"Tono Suratman 656","628150931023","tono.suratman.656@test.com"
"Siti Nurhaliza 657","628118138639","siti.nurhaliza.657@test.com"
"Fitri Handayani 658","628129307310","fitri.handayani.658@test.com"
"Fitri Handayani 659","628100291085","fitri.handayani.659@test.com"
"Indra Kusuma 660","628175720685","indra.kusuma.660@test.com"
"Oki Setiana 661","628112275465","oki.setiana.661@test.com"
"Joko Widodo 662","628150206412","joko.widodo.662@test.com"
"Ahmad Wijaya 663","628135791297","ahmad.wijaya.663@test.com"
"Fitri Handayani 664","628121728067","fitri.handayani.664@test.com"
"Tono Suratman 665","628123695257","tono.suratman.665@test.com"
"Oki Setiana 666","628179221094","oki.setiana.666@test.com"
"Joko Widodo 667","628187686927","joko.widodo.667@test.com"
"Budi Santoso 668","628181337717","budi.santoso.668@test.com"
"Ahmad Wijaya 669","628199789371","ahmad.wijaya.669@test.com"
"Nanda Pratama 670","628165411536","nanda.pratama.670@test.com"
"Nanda Pratama 671","628186420557","nanda.pratama.671@test.com"
"Ahmad Wijaya 672","628139604938","ahmad.wijaya.672@test.com"
"Ahmad Wijaya 673","628192838352","ahmad.wijaya.673@test.com"
"Rini Soemarno 674","628174745993","rini.soemarno.674@test.com"
"Eko Prasetyo 675","628144196977","eko.prasetyo.675@test.com"
"Gunawan Susanto 676","628157849155","gunawan.susanto.676@test.com"
"Siti Nurhaliza 677","628148683246","siti.nurhaliza.677@test.com"
"Dewi Sartika 678","628145977068","dewi.sartika.678@test.com"
"Lukman Hakim 679","628170964371","lukman.hakim.679@test.com"
"Siti Nurhaliza 680","628190809080","siti.nurhaliza.680@test.com"
"Nanda Pratama 681","628106081460","nanda.pratama.681@test.com"
"Rini Soemarno 682","628127855597","rini.soemarno.682@test.com"
"Maya Sari 683","628194332604","maya.sari.683@test.com"
"Sari Nila 684","628190925761","sari.nila.684@test.com"
"Dewi Sartika 685","628176006838","dewi.sartika.685@test.com"
"Sari Nila 686","628108762919","sari.nila.686@test.com"
"Maya Sari 687","628126027616","maya.sari.687@test.com"
"Siti Nurhaliza 688","628159064477","siti.nurhaliza.688@test.com"
"Siti Nurhaliza 689","628113037368","siti.nurhaliza.689@test.com"
"Siti Nurhaliza 690","628191004858","siti.nurhaliza.690@test.com"
"Tono Suratman 691","628112732836","tono.suratman.691@test.com"
"Rini Soemarno 692","628127723760","rini.soemarno.692@test.com"
"Ahmad Wijaya 693","628163471174","ahmad.wijaya.693@test.com"
"Kartika Sari 694","628182510321","kartika.sari.694@test.com"
"Kartika Sari 695","628112085977","kartika.sari.695@test.com"
"Putri Maharani 696","628126520166","putri.maharani.696@test.com"
"Putri Maharani 697","628181236377","putri.maharani.697@test.com"
"Gunawan Susanto 698","628124785855","gunawan.susanto.698@test.com"
"Putri Maharani 699","628153251098","putri.maharani.699@test.com"
"Ahmad Wijaya 700","628124077421","ahmad.wijaya.700@test.com"
"Qori Sandioriva 701","628107048895","qori.sandioriva.701@test.com"
"Fitri Handayani 702","628160339133","fitri.handayani.702@test.com"
"Sari Nila 703","628141539117","sari.nila.703@test.com"
"Putri Maharani 704","628144633972","putri.maharani.704@test.com"
"Eko Prasetyo 705","628111292150","eko.prasetyo.705@test.com"
"Fitri Handayani 706","628177004586","fitri.handayani.706@test.com"
"Joko Widodo 707","628170011737","joko.widodo.707@test.com"
"Ahmad Wijaya 708","628136589903","ahmad.wijaya.708@test.com"
"Eko Prasetyo 709","628142020061","eko.prasetyo.709@test.com"
"Maya Sari 710","628105711106","maya.sari.710@test.com"
"Rini Soemarno 711","628109977277","rini.soemarno.711@test.com"
"Tono Suratman 712","628189864219","tono.suratman.712@test.com"
"Tono Suratman 713","628179667471","tono.suratman.713@test.com"
"Siti Nurhaliza 714","628157168849","siti.nurhaliza.714@test.com"
"Oki Setiana 715","628171197357","oki.setiana.715@test.com"
"Budi Santoso 716","628123749973","budi.santoso.716@test.com"
"Budi Santoso 717","628132083540","budi.santoso.717@test.com"
"Gunawan Susanto 718","628155382451","gunawan.susanto.718@test.com"
"Eko Prasetyo 719","628169429676","eko.prasetyo.719@test.com"
"Fitri Handayani 720","628119794854","fitri.handayani.720@test.com"
"Joko Widodo 721","628178757854","joko.widodo.721@test.com"
"Sari Nila 722","628112323518","sari.nila.722@test.com"
"Fitri Handayani 723","628152876811","fitri.handayani.723@test.com"
"Lukman Hakim 724","628141240998","lukman.hakim.724@test.com"
"Maya Sari 725","628145667714","maya.sari.725@test.com"
"Ahmad Wijaya 726","628192957377","ahmad.wijaya.726@test.com"
"Budi Santoso 727","628161301749","budi.santoso.727@test.com"
"Fitri Handayani 728","628116378791","fitri.handayani.728@test.com"
"Dewi Sartika 729","628185664781","dewi.sartika.729@test.com"
"Tono Suratman 730","628165014842","tono.suratman.730@test.com"
"Joko Widodo 731","628173872625","joko.widodo.731@test.com"
"Rini Soemarno 732","628153344467","rini.soemarno.732@test.com"
"Sari Nila 733","628165460669","sari.nila.733@test.com"
"Joko Widodo 734","628108818726","joko.widodo.734@test.com"
"Maya Sari 735","628135661747","maya.sari.735@test.com"
"Putri Maharani 736","628133934672","putri.maharani.736@test.com"
"Hani Permata 737","628165931989","hani.permata.737@test.com"
"Nanda Pratama 738","628174400978","nanda.pratama.738@test.com"
"Siti Nurhaliza 739","628125438395","siti.nurhaliza.739@test.com"
"Eko Prasetyo 740","628131893647","eko.prasetyo.740@test.com"
"Tono Suratman 741","628175608380","tono.suratman.741@test.com"
"Putri Maharani 742","628145139912","putri.maharani.742@test.com"
"Kartika Sari 743","628194248941","kartika.sari.743@test.com"
"Joko Widodo 744","628155758118","joko.widodo.744@test.com"
"Qori Sandioriva 745","628175793066","qori.sandioriva.745@test.com"
"Maya Sari 746","628113812400","maya.sari.746@test.com"
"Maya Sari 747","628146313821","maya.sari.747@test.com"
"Tono Suratman 748","628193050992","tono.suratman.748@test.com"
"Nanda Pratama 749","628182668778","nanda.pratama.749@test.com"
"Gunawan Susanto 750","628126087632","gunawan.susanto.750@test.com"
"Qori Sandioriva 751","628177040169","qori.sandioriva.751@test.com"
"Eko Prasetyo 752","628171129306","eko.prasetyo.752@test.com"
"Nanda Pratama 753","628110340804","nanda.pratama.753@test.com"
"Fitri Handayani 754","628101386746","fitri.handayani.754@test.com"
"Gunawan Susanto 755","628101195851","gunawan.susanto.755@test.com"
"Rini Soemarno 756","628153076849","rini.soemarno.756@test.com"
"Joko Widodo 757","628137784936","joko.widodo.757@test.com"
"Indra Kusuma 758","628186953553","indra.kusuma.758@test.com"
"Siti Nurhaliza 759","628109617503","siti.nurhaliza.759@test.com"
"Rini Soemarno 760","628176695737","rini.soemarno.760@test.com"
"Budi Santoso 761","628159180447","budi.santoso.761@test.com"
"Siti Nurhaliza 762","628183524815","siti.nurhaliza.762@test.com"
"Lukman Hakim 763","628179316271","lukman.hakim.763@test.com"
"Kartika Sari 764","628110118261","kartika.sari.764@test.com"
"Joko Widodo 765","628136710951","joko.widodo.765@test.com"
"Hani Permata 766","628156982287","hani.permata.766@test.com"
"Gunawan Susanto 767","628151641467","gunawan.susanto.767@test.com"
"Gunawan Susanto 768","628144110174","gunawan.susanto.768@test.com"
"Oki Setiana 769","628166716771","oki.setiana.769@test.com"
"Nanda Pratama 770","628182238016","nanda.pratama.770@test.com"
"Siti Nurhaliza 771","628102335779","siti.nurhaliza.771@test.com"
"Nanda Pratama 772","628180525623","nanda.pratama.772@test.com"
"Gunawan Susanto 773","628142895055","gunawan.susanto.773@test.com"
"Budi Santoso 774","628152805790","budi.santoso.774@test.com"
"Dewi Sartika 775","628194883958","dewi.sartika.775@test.com"
"Lukman Hakim 776","628103539178","lukman.hakim.776@test.com"
"Hani Permata 777","628141864883","hani.permata.777@test.com"
"Oki Setiana 778","628120394328","oki.setiana.778@test.com"
"Nanda Pratama 779","628128385481","nanda.pratama.779@test.com"
"Budi Santoso 780","628110850930","budi.santoso.780@test.com"
"Maya Sari 781","628180890571","maya.sari.781@test.com"
"Ahmad Wijaya 782","628120708338","ahmad.wijaya.782@test.com"
"Joko Widodo 783","628163471229","joko.widodo.783@test.com"
"Sari Nila 784","628139525517","sari.nila.784@test.com"
"Sari Nila 785","628141895913","sari.nila.785@test.com"
"Lukman Hakim 786","628154442024","lukman.hakim.786@test.com"
"Putri Maharani 787","628124122931","putri.maharani.787@test.com"
"Rini Soemarno 788","628192740047","rini.soemarno.788@test.com"
"Siti Nurhaliza 789","628131388501","siti.nurhaliza.789@test.com"
"Budi Santoso 790","628164312134","budi.santoso.790@test.com"
"Ahmad Wijaya 791","628102682515","ahmad.wijaya.791@test.com"
"Indra Kusuma 792","628111436201","indra.kusuma.792@test.com"
"Dewi Sartika 793","628119603482","dewi.sartika.793@test.com"
"Eko Prasetyo 794","628148882310","eko.prasetyo.794@test.com"
"Ahmad Wijaya 795","628120937913","ahmad.wijaya.795@test.com"
"Maya Sari 796","628102284040","maya.sari.796@test.com"
"Hani Permata 797","628145138381","hani.permata.797@test.com"
"Maya Sari 798","628157276088","maya.sari.798@test.com"
"Sari Nila 799","628157878215","sari.nila.799@test.com"
"Joko Widodo 800","628177454896","joko.widodo.800@test.com"
"Eko Prasetyo 801","628172724578","eko.prasetyo.801@test.com"
"Fitri Handayani 802","628133441159","fitri.handayani.802@test.com"
"Gunawan Susanto 803","628185780069","gunawan.susanto.803@test.com"
"Budi Santoso 804","628187523585","budi.santoso.804@test.com"
"Hani Permata 805","628152904861","hani.permata.805@test.com"
"Hani Permata 806","628190500402","hani.permata.806@test.com"
"Putri Maharani 807","628159407318","putri.maharani.807@test.com"
"Ahmad Wijaya 808","628127801884","ahmad.wijaya.808@test.com"
"Kartika Sari 809","628112071315","kartika.sari.809@test.com"
"Joko Widodo 810","628105399758","joko.widodo.810@test.com"
"Rini Soemarno 811","628186132391","rini.soemarno.811@test.com"
"Eko Prasetyo 812","628180396697","eko.prasetyo.812@test.com"
"Maya Sari 813","628169770410","maya.sari.813@test.com"
"Qori Sandioriva 814","628169740148","qori.sandioriva.814@test.com"
"Indra Kusuma 815","628151440511","indra.kusuma.815@test.com"
"Oki Setiana 816","628145062525","oki.setiana.816@test.com"
"Sari Nila 817","628164530902","sari.nila.817@test.com"
"Ahmad Wijaya 818","628176200432","ahmad.wijaya.818@test.com"
"Lukman Hakim 819","628116767667","lukman.hakim.819@test.com"
"Rini Soemarno 820","628195593074","rini.soemarno.820@test.com"
"Budi Santoso 821","628175137481","budi.santoso.821@test.com"
"Lukman Hakim 822","628129261846","lukman.hakim.822@test.com"
"Joko Widodo 823","628190154734","joko.widodo.823@test.com"
"Qori Sandioriva 824","628118524202","qori.sandioriva.824@test.com"
"Maya Sari 825","628127838584","maya.sari.825@test.com"
"Kartika Sari 826","628154889755","kartika.sari.826@test.com"
"Maya Sari 827","628131842212","maya.sari.827@test.com"
"Qori Sandioriva 828","628190840472","qori.sandioriva.828@test.com"
"Rini Soemarno 829","628123618019","rini.soemarno.829@test.com"
"Joko Widodo 830","628114359688","joko.widodo.830@test.com"
"Hani Permata 831","628198731525","hani.permata.831@test.com"
"Nanda Pratama 832","628143321356","nanda.pratama.832@test.com"
"Ahmad Wijaya 833","628136279154","ahmad.wijaya.833@test.com"
"Eko Prasetyo 834","628176327402","eko.prasetyo.834@test.com"
"Ahmad Wijaya 835","628175097766","ahmad.wijaya.835@test.com"
"Tono Suratman 836","628114845167","tono.suratman.836@test.com"
"Nanda Pratama 837","628187384355","nanda.pratama.837@test.com"
"Sari Nila 838","628106174413","sari.nila.838@test.com"
"Sari Nila 839","628159222190","sari.nila.839@test.com"
"Joko Widodo 840","628169419655","joko.widodo.840@test.com"
"Fitri Handayani 841","628122140585","fitri.handayani.841@test.com"
"Rini Soemarno 842","628199237603","rini.soemarno.842@test.com"
"Rini Soemarno 843","628102369334","rini.soemarno.843@test.com"
"Gunawan Susanto 844","628146888895","gunawan.susanto.844@test.com"
"Lukman Hakim 845","628175637208","lukman.hakim.845@test.com"
"Lukman Hakim 846","628128572130","lukman.hakim.846@test.com"
"Sari Nila 847","628193784632","sari.nila.847@test.com"
"Lukman Hakim 848","628156456739","lukman.hakim.848@test.com"
"Oki Setiana 849","628147006707","oki.setiana.849@test.com"
"Gunawan Susanto 850","628149454530","gunawan.susanto.850@test.com"
"Ahmad Wijaya 851","628182273459","ahmad.wijaya.851@test.com"
"Fitri Handayani 852","628166892331","fitri.handayani.852@test.com"
"Joko Widodo 853","628161258512","joko.widodo.853@test.com"
"Budi Santoso 854","628109985386","budi.santoso.854@test.com"
"Siti Nurhaliza 855","628186185072","siti.nurhaliza.855@test.com"
"Dewi Sartika 856","628144403144","dewi.sartika.856@test.com"
"Rini Soemarno 857","628159833583","rini.soemarno.857@test.com"
"Rini Soemarno 858","628147244766","rini.soemarno.858@test.com"
"Budi Santoso 859","628152584256","budi.santoso.859@test.com"
"Dewi Sartika 860","628149855302","dewi.sartika.860@test.com"
"Maya Sari 861","628161385557","maya.sari.861@test.com"
"Tono Suratman 862","628101399663","tono.suratman.862@test.com"
"Maya Sari 863","628133650727","maya.sari.863@test.com"
"Fitri Handayani 864","628123953854","fitri.handayani.864@test.com"
"Dewi Sartika 865","628137742765","dewi.sartika.865@test.com"
"Rini Soemarno 866","628101879421","rini.soemarno.866@test.com"
"Maya Sari 867","628175952507","maya.sari.867@test.com"
"Budi Santoso 868","628129965675","budi.santoso.868@test.com"
"Budi Santoso 869","628119691185","budi.santoso.869@test.com"
"Rini Soemarno 870","628180112849","rini.soemarno.870@test.com"
"Siti Nurhaliza 871","628112919058","siti.nurhaliza.871@test.com"
"Ahmad Wijaya 872","628156682200","ahmad.wijaya.872@test.com"
"Siti Nurhaliza 873","628147270296","siti.nurhaliza.873@test.com"
"Rini Soemarno 874","628194570631","rini.soemarno.874@test.com"
"Indra Kusuma 875","628176891277","indra.kusuma.875@test.com"
"Putri Maharani 876","628179573528","putri.maharani.876@test.com"
"Oki Setiana 877","628150267142","oki.setiana.877@test.com"
"Budi Santoso 878","628152539535","budi.santoso.878@test.com"
"Rini Soemarno 879","628129678449","rini.soemarno.879@test.com"
"Fitri Handayani 880","628150227845","fitri.handayani.880@test.com"
"Qori Sandioriva 881","628141635426","qori.sandioriva.881@test.com"
"Sari Nila 882","628113428301","sari.nila.882@test.com"
"Ahmad Wijaya 883","628122000800","ahmad.wijaya.883@test.com"
"Lukman Hakim 884","628127405553","lukman.hakim.884@test.com"
"Eko Prasetyo 885","628127697570","eko.prasetyo.885@test.com"
"Hani Permata 886","628198978335","hani.permata.886@test.com"
"Ahmad Wijaya 887","628189187031","ahmad.wijaya.887@test.com"
"Gunawan Susanto 888","628193641162","gunawan.susanto.888@test.com"
"Ahmad Wijaya 889","628154823830","ahmad.wijaya.889@test.com"
"Budi Santoso 890","628135607002","budi.santoso.890@test.com"
"Fitri Handayani 891","628197223776","fitri.handayani.891@test.com"
"Tono Suratman 892","628173278689","tono.suratman.892@test.com"
"Gunawan Susanto 893","628116333489","gunawan.susanto.893@test.com"
"Dewi Sartika 894","628137878884","dewi.sartika.894@test.com"
"Lukman Hakim 895","628160861621","lukman.hakim.895@test.com"
"Putri Maharani 896","628156838925","putri.maharani.896@test.com"
"Eko Prasetyo 897","628135440079","eko.prasetyo.897@test.com"
"Fitri Handayani 898","628176189978","fitri.handayani.898@test.com"
"Ahmad Wijaya 899","628177318207","ahmad.wijaya.899@test.com"
"Putri Maharani 900","628143638165","putri.maharani.900@test.com"
"Lukman Hakim 901","628160133805","lukman.hakim.901@test.com"
"Sari Nila 902","628117982329","sari.nila.902@test.com"
"Siti Nurhaliza 903","628191490449","siti.nurhaliza.903@test.com"
"Qori Sandioriva 904","628177011623","qori.sandioriva.904@test.com"
"Gunawan Susanto 905","628165177532","gunawan.susanto.905@test.com"
"Hani Permata 906","628126966961","hani.permata.906@test.com"
"Indra Kusuma 907","628148203687","indra.kusuma.907@test.com"
"Rini Soemarno 908","628172953900","rini.soemarno.908@test.com"
"Indra Kusuma 909","628106006471","indra.kusuma.909@test.com"
"Sari Nila 910","628108689778","sari.nila.910@test.com"
"Lukman Hakim 911","628105184291","lukman.hakim.911@test.com"
"Rini Soemarno 912","628162641896","rini.soemarno.912@test.com"
"Lukman Hakim 913","628176025658","lukman.hakim.913@test.com"
"Budi Santoso 914","628179137380","budi.santoso.914@test.com"
"Gunawan Susanto 915","628166613072","gunawan.susanto.915@test.com"
"Lukman Hakim 916","628119504711","lukman.hakim.916@test.com"
"Putri Maharani 917","628137857197","putri.maharani.917@test.com"
"Budi Santoso 918","628174020231","budi.santoso.918@test.com"
"Eko Prasetyo 919","628137324569","eko.prasetyo.919@test.com"
"Joko Widodo 920","628114641443","joko.widodo.920@test.com"
"Ahmad Wijaya 921","628146756496","ahmad.wijaya.921@test.com"
"Nanda Pratama 922","628127315690","nanda.pratama.922@test.com"
"Hani Permata 923","628172418061","hani.permata.923@test.com"
"Budi Santoso 924","628180566491","budi.santoso.924@test.com"
"Siti Nurhaliza 925","628116883656","siti.nurhaliza.925@test.com"
"Indra Kusuma 926","628141731647","indra.kusuma.926@test.com"
"Ahmad Wijaya 927","628166334660","ahmad.wijaya.927@test.com"
"Siti Nurhaliza 928","628191479078","siti.nurhaliza.928@test.com"
"Joko Widodo 929","628150050350","joko.widodo.929@test.com"
"Indra Kusuma 930","628112086092","indra.kusuma.930@test.com"
"Indra Kusuma 931","628121708182","indra.kusuma.931@test.com"
"Budi Santoso 932","628114780718","budi.santoso.932@test.com"
"Nanda Pratama 933","628136693410","nanda.pratama.933@test.com"
"Sari Nila 934","628156819729","sari.nila.934@test.com"
"Fitri Handayani 935","628126307704","fitri.handayani.935@test.com"
"Indra Kusuma 936","628188267205","indra.kusuma.936@test.com"
"Siti Nurhaliza 937","628146621774","siti.nurhaliza.937@test.com"
"Putri Maharani 938","628130303551","putri.maharani.938@test.com"
"Ahmad Wijaya 939","628151771200","ahmad.wijaya.939@test.com"
"Joko Widodo 940","628148481237","joko.widodo.940@test.com"
"Kartika Sari 941","628157377953","kartika.sari.941@test.com"
"Tono Suratman 942","628181459889","tono.suratman.942@test.com"
"Fitri Handayani 943","628160988136","fitri.handayani.943@test.com"
"Tono Suratman 944","628195311667","tono.suratman.944@test.com"
"Tono Suratman 945","628134206561","tono.suratman.945@test.com"
"Qori Sandioriva 946","628147882555","qori.sandioriva.946@test.com"
"Maya Sari 947","628127808450","maya.sari.947@test.com"
"Eko Prasetyo 948","628102527485","eko.prasetyo.948@test.com"
"Ahmad Wijaya 949","628101815596","ahmad.wijaya.949@test.com"
"Oki Setiana 950","628124981847","oki.setiana.950@test.com"
"Budi Santoso 951","628195860474","budi.santoso.951@test.com"
"Qori Sandioriva 952","628110508119","qori.sandioriva.952@test.com"
"Hani Permata 953","628100232276","hani.permata.953@test.com"
"Tono Suratman 954","628139764884","tono.suratman.954@test.com"
"Maya Sari 955","628111395448","maya.sari.955@test.com"
"Lukman Hakim 956","628117800779","lukman.hakim.956@test.com"
"Fitri Handayani 957","628149862751","fitri.handayani.957@test.com"
"Putri Maharani 958","628154175802","putri.maharani.958@test.com"
"Nanda Pratama 959","628167369126","nanda.pratama.959@test.com"
"Tono Suratman 960","628193253313","tono.suratman.960@test.com"
"Tono Suratman 961","628159149668","tono.suratman.961@test.com"
"Sari Nila 962","628184941801","sari.nila.962@test.com"
"Tono Suratman 963","628134798233","tono.suratman.963@test.com"
"Kartika Sari 964","628119474549","kartika.sari.964@test.com"
"Tono Suratman 965","628142538915","tono.suratman.965@test.com"
"Kartika Sari 966","628165253785","kartika.sari.966@test.com"
"Siti Nurhaliza 967","628156545325","siti.nurhaliza.967@test.com"
"Rini Soemarno 968","628183333007","rini.soemarno.968@test.com"
"Tono Suratman 969","628126595204","tono.suratman.969@test.com"
"Nanda Pratama 970","628164550365","nanda.pratama.970@test.com"
"Rini Soemarno 971","628177807007","rini.soemarno.971@test.com"
"Ahmad Wijaya 972","628137483146","ahmad.wijaya.972@test.com"
"Lukman Hakim 973","628170973157","lukman.hakim.973@test.com"
"Fitri Handayani 974","628116082156","fitri.handayani.974@test.com"
"Ahmad Wijaya 975","628179213591","ahmad.wijaya.975@test.com"
"Lukman Hakim 976","628119062924","lukman.hakim.976@test.com"
"Maya Sari 977","628167507315","maya.sari.977@test.com"
"Siti Nurhaliza 978","628191395543","siti.nurhaliza.978@test.com"
"Gunawan Susanto 979","628170832947","gunawan.susanto.979@test.com"
"Gunawan Susanto 980","628161266224","gunawan.susanto.980@test.com"
"Putri Maharani 981","628120703708","putri.maharani.981@test.com"
"Nanda Pratama 982","628199030399","nanda.pratama.982@test.com"
"Nanda Pratama 983","628145976580","nanda.pratama.983@test.com"
"Tono Suratman 984","628163982027","tono.suratman.984@test.com"
"Gunawan Susanto 985","628113602834","gunawan.susanto.985@test.com"
"Sari Nila 986","628163858185","sari.nila.986@test.com"
"Eko Prasetyo 987","628178298610","eko.prasetyo.987@test.com"
"Oki Setiana 988","628156451110","oki.setiana.988@test.com"
"Rini Soemarno 989","628129056351","rini.soemarno.989@test.com"
"Sari Nila 990","628106629771","sari.nila.990@test.com"
"Sari Nila 991","628138577086","sari.nila.991@test.com"
"Fitri Handayani 992","628149483346","fitri.handayani.992@test.com"
"Tono Suratman 993","628197064008","tono.suratman.993@test.com"
"Hani Permata 994","628142192272","hani.permata.994@test.com"
"Indra Kusuma 995","628195950937","indra.kusuma.995@test.com"
"Dewi Sartika 996","628119448025","dewi.sartika.996@test.com"
"Joko Widodo 997","628174423964","joko.widodo.997@test.com"
"Maya Sari 998","628139337034","maya.sari.998@test.com"
"Sari Nila 999","628104031178","sari.nila.999@test.com"
"Putri Maharani 1000","628140313249","putri.maharani.1000@test.com"